Dealer ID,Name,Email,Phone,Dealer Full Address,City,State,Address,Dealer Iframe Map,Zip Code,Country,About Me,Image,Radius,Listing Info,Status Details,Custom url,Website Link
D-24770071,"Tommie Vaughn Motors, Inc.",N/A,8327421177,"1201 N Shepherd Dr, Houston, TX 77008, USA",Houston,TX,1201 N Shepherd Dr,N/A,77008,USA,N/A,N/A,1.26 miles away,97 cars for sale,"0 new, 97 used, 0 certified pre-owned",https://driverbase.com/inventory/dealer?dealershipId=42453,https://www.tommievaughnmotors.com/
D-24770072,Helfman Maserati of Houston,N/A,7135336100,"7720 Katy Fwy B, Houston, TX 77024, USA",Houston,TX,7720 Katy Fwy B,N/A,77024,USA,N/A,N/A,3.03 miles away,99 cars for sale,"98 new, 1 used, 0 certified pre-owned",https://driverbase.com/inventory/dealer?dealershipId=33951,https://helfmanimports.com/
D-24770073,Helfman Dodge Chrysler Jeep RAM Fiat,N/A,7135336100,"7720 Katy Fwy A, Houston, TX 77024, USA",Houston,TX,7720 Katy Fwy A,N/A,77024,USA,N/A,N/A,3.03 miles away,530 cars for sale,"450 new, 80 used, 0 certified pre-owned",https://driverbase.com/inventory/dealer?dealershipId=34002,https://www.helfmandodge.net
D-24770074,Russell & Smith Ford,N/A,7132308368,"3440 S Loop W, Houston, TX 77025, USA",Houston,TX,3440 S Loop W,N/A,77025,USA,N/A,N/A,6.74 miles away,40 cars for sale,"0 new, 40 used, 0 certified pre-owned",https://driverbase.com/inventory/dealer?dealershipId=31981,https://www.rsford.com/
D-24770075,Vista Cars & Trucks,N/A,2814451800,"7955 Veterans Memorial Dr, Houston, TX 77088, USA",Houston,TX,7955 Veterans Memorial Dr,N/A,77088,USA,N/A,N/A,6.91 miles away,50 cars for sale,"0 new, 50 used, 0 certified pre-owned",https://driverbase.com/inventory/dealer?dealershipId=34734,http://www.vistacars.com/
D-24770076,Mike Calvert Toyota,N/A,7135588100,"2333 S Loop W, Houston, TX 77054, USA",Houston,TX,2333 S Loop W,N/A,77054,USA,N/A,N/A,6.95 miles away,752 cars for sale,"318 new, 299 used, 135 certified pre-owned",https://driverbase.com/inventory/dealer?dealershipId=31250,https://www.mikecalverttoyota.com/
D-24770077,Team Gillman Chevrolet,N/A,7132723600,"7000 Southwest Fwy, Houston, TX 77074, USA",Houston,TX,7000 Southwest Fwy,N/A,77074,USA,N/A,N/A,7.09 miles away,391 cars for sale,"303 new, 88 used, 0 certified pre-owned",https://driverbase.com/inventory/dealer?dealershipId=51521,https://www.teamgillmanchevrolet.com/
D-24770078,Mac Haik Ford,N/A,7139325000,"10333 Katy Fwy, Houston, TX 77024, USA",Houston,TX,10333 Katy Fwy,N/A,77024,USA,N/A,N/A,7.96 miles away,176 cars for sale,"0 new, 176 used, 0 certified pre-owned",https://driverbase.com/inventory/dealer?dealershipId=837,http://www.machaikford.com/
D-24770079,Mac Haik Ford,N/A,7139325000,"10333 Katy Fwy, Houston, TX 77024, USA",Houston,TX,10333 Katy Fwy,N/A,77024,USA,N/A,N/A,7.96 miles away,162 cars for sale,"0 new, 162 used, 0 certified pre-owned",https://driverbase.com/inventory/dealer?dealershipId=40788,https://www.mackhaikford.com
D-24770080,Doggett Ford,N/A,2819313371,"9225 North Fwy, Houston, TX 77037, USA",Houston,TX,9225 North Fwy,N/A,77037,USA,N/A,N/A,8.23 miles away,83 cars for sale,"0 new, 83 used, 0 certified pre-owned",https://driverbase.com/inventory/dealer?dealershipId=41776,https://www.doggettford.com/
D-24770081,West Point Lincoln,N/A,2814932000,"11666 Katy Fwy, Houston, TX 77043, USA",Houston,TX,11666 Katy Fwy,N/A,77043,USA,N/A,N/A,10.18 miles away,576 cars for sale,"455 new, 75 used, 0 certified pre-owned",https://driverbase.com/inventory/dealer?dealershipId=33338,http://www.westpointlincoln.com
D-24770082,Mossy Nissan,N/A,2815895300,"12150 Katy Fwy, Houston, TX 77079, USA",Houston,TX,12150 Katy Fwy,N/A,77079,USA,N/A,N/A,10.83 miles away,568 cars for sale,"497 new, 44 used, 0 certified pre-owned",https://driverbase.com/inventory/dealer?dealershipId=34314,https://www.mossynissanhouston.com
D-24770083,Mossy Ineos Grenadier,N/A,2818178005,"12170 Katy Fwy, Houston, TX 77079, USA",Houston,TX,12170 Katy Fwy,N/A,77079,USA,N/A,N/A,10.87 miles away,469 cars for sale,"272 new, 197 used, 0 certified pre-owned",https://driverbase.com/inventory/dealer?dealershipId=55223,https://mossyineosgrenadiertx.com/
D-24770084,Archer Volkswagen,N/A,7137936463,"10400 Southwest Fwy, Houston, TX 77074, USA",Houston,TX,10400 Southwest Fwy,N/A,77074,USA,N/A,N/A,11.14 miles away,383 cars for sale,"297 new, 86 used, 0 certified pre-owned",https://driverbase.com/inventory/dealer?dealershipId=31931,https://www.archervw.com
D-24770085,Joe Myers Mazda,N/A,7135879948,"16500 Northwest Fwy, Houston, TX 77040, USA",Houston,TX,16500 Northwest Fwy,N/A,77040,USA,N/A,N/A,11.57 miles away,438 cars for sale,"362 new, 54 used, 0 certified pre-owned",https://driverbase.com/inventory/dealer?dealershipId=33185,https://www.joemyersmazda.com
D-24770086,Superior Subaru Dealership of Houston,N/A,3463128780,"17100 Northwest Fwy, Jersey Village, TX 77040, USA",Jersey Village,TX,17100 Northwest Fwy,N/A,77040,USA,N/A,N/A,12.18 miles away,6 cars for sale,"4 new, 2 used, 0 certified pre-owned",https://driverbase.com/inventory/dealer?dealershipId=33190,https://www.superiorsubaruofhouston.com/
D-24770087,West Point Lincoln of Sugar Land,N/A,8553353500,"11833 Southwest Fwy, Houston, TX 77031, USA",Houston,TX,11833 Southwest Fwy,N/A,77031,USA,N/A,N/A,12.61 miles away,361 cars for sale,"271 new, 87 used, 0 certified pre-owned",https://driverbase.com/inventory/dealer?dealershipId=33373,http://lincolnofsugarland.com
D-24770088,Helfman Ford,N/A,2812403673,"12220 Southwest Fwy, Stafford, TX 77477, USA",Stafford,TX,12220 Southwest Fwy,N/A,77477,USA,N/A,N/A,12.91 miles away,72 cars for sale,"0 new, 72 used, 0 certified pre-owned",https://driverbase.com/inventory/dealer?dealershipId=33954,https://www.helfmanford.net
D-24770089,AutoSavvy Houston,N/A,8333481173,"17930 Northwest Fwy, Houston, TX 77065, USA",Houston,TX,17930 Northwest Fwy,N/A,77065,USA,N/A,N/A,13.04 miles away,194 cars for sale,"0 new, 193 used, 0 certified pre-owned",https://driverbase.com/inventory/dealer?dealershipId=34540,https://www.autosavvy.com/dealers/houston-texas
D-24770090,Lone Star Chevrolet,N/A,8448917243,"18900 Northwest Fwy, Houston, TX 77065, USA",Houston,TX,18900 Northwest Fwy,N/A,77065,USA,N/A,N/A,13.96 miles away,63 cars for sale,"0 new, 63 used, 0 certified pre-owned",https://driverbase.com/inventory/dealer?dealershipId=51499,https://www.lonestarchevrolet.com
D-24770091,Northwest Hyundai,N/A,2816389857,"19300 Northwest Fwy, Houston, TX 77065, USA",Houston,TX,19300 Northwest Fwy,N/A,77065,USA,N/A,N/A,14.53 miles away,548 cars for sale,"525 new, 19 used, 0 certified pre-owned",https://driverbase.com/inventory/dealer?dealershipId=48491,https://www.northwesthyundai.com
D-24770092,Volvo Cars West Houston,N/A,2819454500,"15935 Katy Fwy, Houston, TX 77094, USA",Houston,TX,15935 Katy Fwy,N/A,77094,USA,N/A,N/A,14.55 miles away,196 cars for sale,"150 new, 16 used, 30 certified pre-owned",https://driverbase.com/inventory/dealer?dealershipId=31410,https://www.volvocarswesthouston.com
D-24770093,Classic Elite Chevrolet Sugarland,N/A,2819694132,"13115 Southwest Fwy, Sugar Land, TX 77478, USA",Sugar Land,TX,13115 Southwest Fwy,N/A,77478,USA,N/A,N/A,14.61 miles away,24 cars for sale,"0 new, 24 used, 0 certified pre-owned",https://driverbase.com/inventory/dealer?dealershipId=33974,https://www.classicelitechevysugarland.com
D-24770094,Classic ELITE Chevrolet (Houston),N/A,2813059507,"8100 S Texas 6, Houston, TX 77083, USA",Houston,TX,8100 S Texas 6,N/A,77083,USA,N/A,N/A,14.72 miles away,20 cars for sale,"0 new, 20 used, 0 certified pre-owned",https://driverbase.com/inventory/dealer?dealershipId=51954,https://www.classicelitechevy.com/
D-24770095,Beck & Masten Buick GMC North,N/A,2814695222,"11300 Farm to Market 1960 Rd W, Houston, TX 77065, USA",Houston,TX,11300 Farm to Market 1960 Rd W,N/A,77065,USA,N/A,N/A,14.75 miles away,1168 cars for sale,"736 new, 309 used, 0 certified pre-owned",https://driverbase.com/inventory/dealer?dealershipId=33561,https://www.beckmastennorth.com/
D-24770096,Tom Peacock Cadillac,N/A,3462687038,"15480 North Fwy, Houston, TX 77090, USA",Houston,TX,15480 North Fwy,N/A,77090,USA,N/A,N/A,14.90 miles away,552 cars for sale,"471 new, 55 used, 0 certified pre-owned",https://driverbase.com/inventory/dealer?dealershipId=34137,https://www.tompeacockcadillac.com
D-24770097,Classic ELITE Buick GMC,N/A,2815794300,"16835 Katy Fwy, Houston, TX 77094, USA",Houston,TX,16835 Katy Fwy,N/A,77094,USA,N/A,N/A,15.39 miles away,2 cars for sale,"0 new, 2 used, 0 certified pre-owned",https://driverbase.com/inventory/dealer?dealershipId=51621,https://www.classicelitebuickgmc.com/
D-24770098,Fredy Kia,N/A,8324136481,"11711 Gulf Fwy, Houston, TX 77034, USA",Houston,TX,11711 Gulf Fwy,N/A,77034,USA,N/A,N/A,15.45 miles away,489 cars for sale,"223 new, 265 used, 0 certified pre-owned",https://driverbase.com/inventory/dealer?dealershipId=33467,https://www.fredykia.com
D-24770099,West Houston Hyundai,N/A,3468035635,"17007 Katy Fwy, Houston, TX 77094, USA",Houston,TX,17007 Katy Fwy,N/A,77094,USA,N/A,N/A,15.46 miles away,865 cars for sale,"791 new, 64 used, 0 certified pre-owned",https://driverbase.com/inventory/dealer?dealershipId=48558,https://www.westhoustonhyundai.com
D-24770100,Durrett Motor Company,N/A,7139415616,"5520 S Shaver St, Houston, TX 77034, USA",Houston,TX,5520 S Shaver St,N/A,77034,USA,N/A,N/A,15.64 miles away,111 cars for sale,"0 new, 111 used, 0 certified pre-owned",https://driverbase.com/inventory/dealer?dealershipId=53672,https://www.durrettmotorcompany.com/
D-24770101,Bayway Lincoln,N/A,3465535342,"12333 Gulf Fwy, Houston, TX 77034, USA",Houston,TX,12333 Gulf Fwy,N/A,77034,USA,N/A,N/A,16.23 miles away,679 cars for sale,"585 new, 59 used, 0 certified pre-owned",https://driverbase.com/inventory/dealer?dealershipId=39449,https://www.baywaylincoln.com
D-24770102,Bayway Chevrolet,N/A,2816060465,"5719 Broadway St, Pearland, TX 77581, USA",Pearland,TX,5719 Broadway St,N/A,77581,USA,N/A,N/A,16.35 miles away,536 cars for sale,"352 new, 179 used, 0 certified pre-owned",https://driverbase.com/inventory/dealer?dealershipId=39152,https://www.baywaychevrolet.com
D-24770103,Big Star Ford,N/A,8666636972,"17717 South Fwy, Pearland, TX 77578, USA",Pearland,TX,17717 South Fwy,N/A,77578,USA,N/A,N/A,16.44 miles away,104 cars for sale,"0 new, 104 used, 0 certified pre-owned",https://driverbase.com/inventory/dealer?dealershipId=42391,https://www.bigstarford.com
D-24770104,Beck & Masten Buick GMC South,N/A,7139474111,"12820 Gulf Fwy, Houston, TX 77034, USA",Houston,TX,12820 Gulf Fwy,N/A,77034,USA,N/A,N/A,16.89 miles away,560 cars for sale,"466 new, 67 used, 0 certified pre-owned",https://driverbase.com/inventory/dealer?dealershipId=33821,https://www.beckmastensouth.com
D-24770105,Bayway Chrysler Dodge Jeep RAM,N/A,7134334000,"4000 Pasadena Fwy, Pasadena, TX 77503, USA",Pasadena,TX,4000 Pasadena Fwy,N/A,77503,USA,N/A,N/A,16.93 miles away,376 cars for sale,"289 new, 87 used, 0 certified pre-owned",https://driverbase.com/inventory/dealer?dealershipId=40241,https://www.baywaychryslerdodgejeepram.com
D-24770106,Robbins Chevrolet,N/A,2817693975,"18611 US-59, Humble, TX 77338, USA",Humble,TX,18611 US-59,N/A,77338,USA,N/A,N/A,17.03 miles away,495 cars for sale,"387 new, 102 used, 6 certified pre-owned",https://driverbase.com/inventory/dealer?dealershipId=31369,https://www.robbinschevy.com/
D-24770107,Robbins Nissan of Houston,N/A,2814463181,"18711 US-59, Humble, TX 77338, USA",Humble,TX,18711 US-59,N/A,77338,USA,N/A,N/A,17.13 miles away,380 cars for sale,"380 new, 0 used, 0 certified pre-owned",https://driverbase.com/inventory/dealer?dealershipId=30608,https://www.robbinsnissan.com
D-24770108,Sewell INFINITI of North Houston,N/A,2815693100,"17825 North Fwy, Houston, TX 77090, USA",Houston,TX,17825 North Fwy,N/A,77090,USA,N/A,N/A,17.23 miles away,456 cars for sale,"286 new, 170 used, 0 certified pre-owned",https://driverbase.com/inventory/dealer?dealershipId=63011,https://www.sewellinfiniti-northhouston.com
D-24770109,Humble Hyundai,N/A,8326444000,"18877 US-59, Humble, TX 77338, USA",Humble,TX,18877 US-59,N/A,77338,USA,N/A,N/A,17.25 miles away,395 cars for sale,"312 new, 37 used, 46 certified pre-owned",https://driverbase.com/inventory/dealer?dealershipId=31307,https://www.humblehyundai.com
D-24770110,Sterling McCall Chevrolet,N/A,2813978600,"17800 North Fwy, Houston, TX 77090, USA",Houston,TX,17800 North Fwy,N/A,77090,USA,N/A,N/A,17.29 miles away,398 cars for sale,"238 new, 156 used, 0 certified pre-owned",https://driverbase.com/inventory/dealer?dealershipId=51340,https://www.sterlingmccallchevy.com
D-24770111,DeMontrond Buick GMC,N/A,8326696487,"17925 North Fwy, Houston, TX 77090, USA",Houston,TX,17925 North Fwy,N/A,77090,USA,N/A,N/A,17.31 miles away,6 cars for sale,"0 new, 6 used, 0 certified pre-owned",https://driverbase.com/inventory/dealer?dealershipId=51637,https://www.demontrondbuickgmc.com/
D-24770112,Maroney Auto Sales,N/A,7136913800,"3210 Treaschwig Rd, Humble, TX 77338, USA",Humble,TX,3210 Treaschwig Rd,N/A,77338,USA,N/A,N/A,17.41 miles away,41 cars for sale,"0 new, 41 used, 0 certified pre-owned",https://driverbase.com/inventory/dealer?dealershipId=33436,http://www.maroneyautos.com/
D-24770113,Randall Reed's Planet Ford in Humble,N/A,8668445995,"19000 Eastex Fwy, Humble, TX 77338, USA",Humble,TX,19000 Eastex Fwy,N/A,77338,USA,N/A,N/A,17.46 miles away,90 cars for sale,"0 new, 90 used, 0 certified pre-owned",https://driverbase.com/inventory/dealer?dealershipId=42320,https://www.planetford59.com
D-24770114,Team Gillman Auto Group,N/A,8326264378,"18202 North Fwy, Houston, TX 77090, USA",Houston,TX,18202 North Fwy,N/A,77090,USA,N/A,N/A,17.62 miles away,136 cars for sale,"92 new, 43 used, 0 certified pre-owned",https://driverbase.com/inventory/dealer?dealershipId=63638,https://www.teamgillman.com
D-24770115,Mac Haik Ford Pasadena,N/A,2816043673,"4242 East Sam Houston Pkwy S, Pasadena, TX 77505, USA",Pasadena,TX,4242 East Sam Houston Pkwy S,N/A,77505,USA,N/A,N/A,18.11 miles away,135 cars for sale,"0 new, 135 used, 0 certified pre-owned",https://driverbase.com/inventory/dealer?dealershipId=34178,http://www.machaikfordpasadena.net/
D-24770116,Clear Lake INFINITI,N/A,8325531723,"14705 Gulf Fwy, Houston, TX 77034, USA",Houston,TX,14705 Gulf Fwy,N/A,77034,USA,N/A,N/A,18.83 miles away,131 cars for sale,"131 new, 0 used, 0 certified pre-owned",https://driverbase.com/inventory/dealer?dealershipId=64348,https://www.clearlakeinfiniti.com
D-24770117,Honda Cars of Katy,N/A,8327724483,"21001 Katy Fwy, Katy, TX 77450, USA",Katy,TX,21001 Katy Fwy,N/A,77450,USA,N/A,N/A,19.06 miles away,482 cars for sale,"362 new, 64 used, 0 certified pre-owned",https://driverbase.com/inventory/dealer?dealershipId=52946,https://www.hondacarsofkaty.com
D-24770118,Tomball Ford,N/A,2812059670,"22702 Tomball Pkwy, Tomball, TX 77375, USA",Tomball,TX,22702 Tomball Pkwy,N/A,77375,USA,N/A,N/A,19.35 miles away,1634 cars for sale,"1427 new, 207 used, 0 certified pre-owned",https://driverbase.com/inventory/dealer?dealershipId=30796,https://www.tomballford.com
D-24770119,Fred Haas Toyota World,N/A,2812977000,"20400 I-45, Spring, TX 77388, USA",Spring,TX,20400 I-45,N/A,77388,USA,N/A,N/A,19.59 miles away,779 cars for sale,"497 new, 256 used, 26 certified pre-owned",https://driverbase.com/inventory/dealer?dealershipId=31485,https://www.fredhaastoyota.com
D-24770120,Honda Of Tomball,N/A,3469548400,"22727 TX-249, Tomball, TX 77375, USA",Tomball,TX,22727 TX-249,N/A,77375,USA,N/A,N/A,19.65 miles away,660 cars for sale,"482 new, 130 used, 48 certified pre-owned",https://driverbase.com/inventory/dealer?dealershipId=30795,http://www.hondaoftomball.com/
D-24770121,North Freeway Hyundai,N/A,8324464000,"20440 Interstate 45 N, Spring, TX 77373, USA",Spring,TX,20440 Interstate 45 N,N/A,77373,USA,N/A,N/A,19.76 miles away,1042 cars for sale,"1002 new, 29 used, 11 certified pre-owned",https://driverbase.com/inventory/dealer?dealershipId=31587,https://www.northfreewayhyundai.com
D-24770122,Planet Ford Spring,N/A,2817193700,"20403 Interstate 45 N, Spring, TX 77388, USA",Spring,TX,20403 Interstate 45 N,N/A,77388,USA,N/A,N/A,19.78 miles away,228 cars for sale,"0 new, 228 used, 0 certified pre-owned",https://driverbase.com/inventory/dealer?dealershipId=42455,https://www.planetford45.com
D-24770123,Tomball Dodge Chrysler Jeep Ram,N/A,2812059200,"23777 TX-249, Tomball, TX 77375, USA",Tomball,TX,23777 TX-249,N/A,77375,USA,N/A,N/A,20.39 miles away,634 cars for sale,"499 new, 135 used, 0 certified pre-owned",https://driverbase.com/inventory/dealer?dealershipId=31467,http://www.tomballdodge.com
D-24770124,Big Star Hyundai,N/A,2818194851,"17990 Gulf Fwy, Friendswood, TX 77546, USA",Friendswood,TX,17990 Gulf Fwy,N/A,77546,USA,N/A,N/A,21.68 miles away,685 cars for sale,"497 new, 188 used, 0 certified pre-owned",https://driverbase.com/inventory/dealer?dealershipId=40568,https://www.bigstarhyundai.com/
D-24770125,Big Star Cadillac,N/A,2818194641,"18100 Gulf Fwy, Friendswood, TX 77546, USA",Friendswood,TX,18100 Gulf Fwy,N/A,77546,USA,N/A,N/A,21.80 miles away,519 cars for sale,"519 new, 0 used, 0 certified pre-owned",https://driverbase.com/inventory/dealer?dealershipId=41684,https://www.bigstarcadillac.com/
D-24770126,Beck & Masten Kia,N/A,2815391111,"25503 Tomball Pkwy, Tomball, TX 77377, USA",Tomball,TX,25503 Tomball Pkwy,N/A,77377,USA,N/A,N/A,21.97 miles away,272 cars for sale,"220 new, 39 used, 0 certified pre-owned",https://driverbase.com/inventory/dealer?dealershipId=31164,https://www.beckmastenkia.com
D-24770127,Parkway Chevrolet,N/A,8327171706,"25500 TX-249, Tomball, TX 77375, USA",Tomball,TX,25500 TX-249,N/A,77375,USA,N/A,N/A,21.97 miles away,21 cars for sale,"0 new, 21 used, 0 certified pre-owned",https://driverbase.com/inventory/dealer?dealershipId=51487,https://www.parkwaychevrolet.com
D-24770128,Maserati at Northside,N/A,2819418077,"23110 Interstate 45 N, Spring, TX 77373, USA",Spring,TX,23110 Interstate 45 N,N/A,77373,USA,N/A,N/A,22.27 miles away,57 cars for sale,"57 new, 0 used, 0 certified pre-owned",https://driverbase.com/inventory/dealer?dealershipId=64662,https://www.northsidemaserati.com/
D-24770129,Northside Imports Houston- maserati alfaromeo,N/A,2813694574,"23110 I-45, Spring, TX 77373, USA",Spring,TX,23110 I-45,N/A,77373,USA,N/A,N/A,22.31 miles away,263 cars for sale,"145 new, 118 used, 0 certified pre-owned",https://driverbase.com/inventory/dealer?dealershipId=30469,https://www.northsideimportshouston.com
D-24770130,Friendly Ford,N/A,2813289555,"2425 US-90, Crosby, TX 77532, USA",Crosby,TX,2425 US-90,N/A,77532,USA,N/A,N/A,22.93 miles away,53 cars for sale,"0 new, 53 used, 0 certified pre-owned",https://driverbase.com/inventory/dealer?dealershipId=42287,https://www.friendlyfordofcrosby.com/
D-24770131,Pre-Owned Express,N/A,2814063300,"25425 US-59, Porter, TX 77365, USA",Porter,TX,25425 US-59,N/A,77365,USA,N/A,N/A,23.36 miles away,85 cars for sale,"0 new, 0 used, 0 certified pre-owned",https://driverbase.com/inventory/dealer?dealershipId=32851,http://www.preownedexpress.com/
D-24770132,Auto Plaza Inc,N/A,7139775444,"303 Crabb River Rd, Richmond, TX 77469, USA",Richmond,TX,303 Crabb River Rd,N/A,77469,USA,N/A,N/A,23.58 miles away,43 cars for sale,"0 new, 43 used, 0 certified pre-owned",https://driverbase.com/inventory/dealer?dealershipId=32651,http://www.autoplazahouston.com/
D-24770133,Toyota of Alvin,N/A,2813888699,"3507 FM 528 Rd, Alvin, TX 77511, USA",Alvin,TX,3507 FM 528 Rd,N/A,77511,USA,N/A,N/A,24.83 miles away,339 cars for sale,"164 new, 163 used, 12 certified pre-owned",https://driverbase.com/inventory/dealer?dealershipId=30825,http://www.toyotaofalvin.com
D-24770134,Otto's Auto World,N/A,2819687315,"2955 W State Hwy 6, Alvin, TX 77511, USA",Alvin,TX,2955 W State Hwy 6,N/A,77511,USA,N/A,N/A,24.89 miles away,97 cars for sale,"0 new, 97 used, 0 certified pre-owned",https://driverbase.com/inventory/dealer?dealershipId=63671,http://www.ottosautoworld.com/
D-24770135,Reliance Nissan,N/A,8328622500,"3485 FM 528 Rd, Friendswood, TX 77546, USA",Friendswood,TX,3485 FM 528 Rd,N/A,77546,USA,N/A,N/A,24.92 miles away,214 cars for sale,"131 new, 83 used, 0 certified pre-owned",https://driverbase.com/inventory/dealer?dealershipId=34403,https://www.reliancenissan.com/
D-24770136,Ron Carter Chevrolet GMC in Alvin,N/A,3465529604,"3205 FM 528 Rd, Alvin, TX 77511, USA",Alvin,TX,3205 FM 528 Rd,N/A,77511,USA,N/A,N/A,25.01 miles away,7 cars for sale,"0 new, 7 used, 0 certified pre-owned",https://driverbase.com/inventory/dealer?dealershipId=55058,https://www.roncarter-gm.com
D-24770137,Ron Carter Ford in Alvin,N/A,2813318111,"3005 FM 528 Rd, Alvin, TX 77511, USA",Alvin,TX,3005 FM 528 Rd,N/A,77511,USA,N/A,N/A,25.08 miles away,560 cars for sale,"9 new, 551 used, 0 certified pre-owned",https://driverbase.com/inventory/dealer?dealershipId=41275,https://www.roncarterford.com
D-24770138,Baytown Ford,N/A,8557602180,"4110 I-10, Baytown, TX 77521, USA",Baytown,TX,4110 I-10,N/A,77521,USA,N/A,N/A,25.46 miles away,51 cars for sale,"0 new, 51 used, 0 certified pre-owned",https://driverbase.com/inventory/dealer?dealershipId=41127,https://www.baytownford.com
D-24770139,Ron Craft Chevrolet,N/A,8559842876,"4114 I-10, Baytown, TX 77521, USA",Baytown,TX,4114 I-10,N/A,77521,USA,N/A,N/A,25.61 miles away,12 cars for sale,"0 new, 12 used, 0 certified pre-owned",https://driverbase.com/inventory/dealer?dealershipId=51771,https://www.roncraftchevrolet.com
D-24770140,Bayshore Chrysler Jeep Dodge RAM,N/A,2816886429,"5225, I-10 E, Baytown, TX 77521, USA",Baytown,TX,"5225,  I-10 E",N/A,77521,USA,N/A,N/A,26.57 miles away,385 cars for sale,"292 new, 93 used, 0 certified pre-owned",https://driverbase.com/inventory/dealer?dealershipId=33146,https://www.bayshorechryslerjeepdodge.net
D-24770141,Finnegan Chrysler Jeep Dodge Ram,N/A,2813429318,"26433 Southwest Fwy, Rosenberg, TX 77471, USA",Rosenberg,TX,26433 Southwest Fwy,N/A,77471,USA,N/A,N/A,27.57 miles away,306 cars for sale,"180 new, 104 used, 0 certified pre-owned",https://driverbase.com/inventory/dealer?dealershipId=31363,https://www.finneganchryslerjeepdodge.com
D-24770142,Finnegan Buick GMC,N/A,2817256068,"26525 Southwest Fwy, Rosenberg, TX 77469, USA",Rosenberg,TX,26525 Southwest Fwy,N/A,77469,USA,N/A,N/A,27.63 miles away,15 cars for sale,"0 new, 15 used, 0 certified pre-owned",https://driverbase.com/inventory/dealer?dealershipId=51361,http://www.finneganautogroup.com/
D-24770143,Finnegan Chevrolet Buick GMC,N/A,2817256068,"26529 Southwest Fwy, Rosenberg, TX 77471, USA",Rosenberg,TX,26529 Southwest Fwy,N/A,77471,USA,N/A,N/A,27.68 miles away,405 cars for sale,"279 new, 106 used, 0 certified pre-owned",https://driverbase.com/inventory/dealer?dealershipId=30591,https://www.finneganchevybuickgmc.com
D-24770144,Legacy Ford,N/A,2813425611,"27225 Southwest Fwy, Rosenberg, TX 77471, USA",Rosenberg,TX,27225 Southwest Fwy,N/A,77471,USA,N/A,N/A,28.13 miles away,483 cars for sale,"349 new, 133 used, 0 certified pre-owned",https://driverbase.com/inventory/dealer?dealershipId=33229,https://www.legacyfordtx.com/
D-24770145,Texan Hyundai,N/A,8325868600,"27309 Southwest Fwy, Rosenberg, TX 77471, USA",Rosenberg,TX,27309 Southwest Fwy,N/A,77471,USA,N/A,N/A,28.20 miles away,669 cars for sale,"555 new, 114 used, 0 certified pre-owned",https://driverbase.com/inventory/dealer?dealershipId=31976,https://www.texanhyundai.com
D-24770146,Ron Carter League City,N/A,2816685383,"3380 Cross Colony Dr, Dickinson, TX 77539, USA",Dickinson,TX,3380 Cross Colony Dr,N/A,77539,USA,N/A,N/A,29.87 miles away,356 cars for sale,"286 new, 70 used, 0 certified pre-owned",https://driverbase.com/inventory/dealer?dealershipId=33480,https://www.roncarterleaguecity.com
D-24770147,"McRee Ford, Inc.",N/A,8327690200,"2800 Gulf Fwy, Dickinson, TX 77539, USA",Dickinson,TX,2800 Gulf Fwy,N/A,77539,USA,N/A,N/A,30.02 miles away,62 cars for sale,"0 new, 62 used, 0 certified pre-owned",https://driverbase.com/inventory/dealer?dealershipId=33492,https://www.mcreeford.net
D-24770148,Gay Family Kia,N/A,8322103122,"3001 Gulf Fwy, Dickinson, TX 77539, USA",Dickinson,TX,3001 Gulf Fwy,N/A,77539,USA,N/A,N/A,30.12 miles away,229 cars for sale,"229 new, 0 used, 0 certified pre-owned",https://driverbase.com/inventory/dealer?dealershipId=33365,http://www.gayfamilykia.com
D-24770149,Bayway Cadillac of The Woodlands,N/A,9363216000,"16785 I-45 Suite 101, The Woodlands, TX 77385, USA",The Woodlands,TX,16785 I-45 Suite 101,N/A,77385,USA,N/A,N/A,30.16 miles away,406 cars for sale,"272 new, 102 used, 0 certified pre-owned",https://driverbase.com/inventory/dealer?dealershipId=34572,https://www.baywaycadillacofthewoodlands.com
D-24770150,Gay Buick GMC,N/A,8327694157,"3033 Gulf Fwy, Dickinson, TX 77539, USA",Dickinson,TX,3033 Gulf Fwy,N/A,77539,USA,N/A,N/A,30.20 miles away,350 cars for sale,"235 new, 85 used, 0 certified pre-owned",https://driverbase.com/inventory/dealer?dealershipId=33408,https://www.gaybuickgmc.com/
D-24770151,Brookshire Hyundai,N/A,2812450315,"34656 Katy Fwy, Brookshire, TX 77423, USA",Brookshire,TX,34656 Katy Fwy,N/A,77423,USA,N/A,N/A,32.40 miles away,364 cars for sale,"301 new, 63 used, 0 certified pre-owned",https://driverbase.com/inventory/dealer?dealershipId=41546,https://www.brookshirehyundai.com
D-24770152,Buckalew Chevrolet,N/A,9364636304,"1100 Interstate 45 S, Conroe, TX 77304, USA",Conroe,TX,1100 Interstate 45 S,N/A,77304,USA,N/A,N/A,35.65 miles away,600 cars for sale,"500 new, 88 used, 0 certified pre-owned",https://driverbase.com/inventory/dealer?dealershipId=33320,https://www.buckalewchevrolet.com
D-24770153,Gullo Ford of Conroe,N/A,9362428040,"925 Interstate 45 S, Conroe, TX 77301, USA",Conroe,TX,925 Interstate 45 S,N/A,77301,USA,N/A,N/A,35.92 miles away,202 cars for sale,"0 new, 202 used, 0 certified pre-owned",https://driverbase.com/inventory/dealer?dealershipId=41697,http://www.gulloford.com/
D-24770154,Gullo Mazda of Conroe,N/A,9364419100,"750 Interstate 45 S, Conroe, TX 77304, USA",Conroe,TX,750 Interstate 45 S,N/A,77304,USA,N/A,N/A,36.27 miles away,20 cars for sale,"3 new, 12 used, 0 certified pre-owned",https://driverbase.com/inventory/dealer?dealershipId=31450,https://www.gullomazda.com
D-24770155,Gullo Toyota of Conroe,N/A,9364414141,"500 Interstate 45 S, Conroe, TX 77304, USA",Conroe,TX,500 Interstate 45 S,N/A,77304,USA,N/A,N/A,36.34 miles away,11 cars for sale,"4 new, 7 used, 0 certified pre-owned",https://driverbase.com/inventory/dealer?dealershipId=30613,https://www.gullotoyota.com
D-24770156,Cowboy Kia,N/A,9364940600,"443 N, Interstate 45 S, Conroe, TX 77301, USA",Conroe,TX,"443 N,  Interstate 45 S",N/A,77301,USA,N/A,N/A,36.37 miles away,298 cars for sale,"255 new, 36 used, 7 certified pre-owned",https://driverbase.com/inventory/dealer?dealershipId=32060,http://www.cowboykia.com
D-24770157,Wiesner Hyundai,N/A,9365236300,"1645 Interstate 45 N, Conroe, TX 77304, USA",Conroe,TX,1645 Interstate 45 N,N/A,77304,USA,N/A,N/A,37.94 miles away,580 cars for sale,"557 new, 23 used, 0 certified pre-owned",https://driverbase.com/inventory/dealer?dealershipId=42137,https://www.wiesnerhyundai.com
D-24770158,Wiesner Buick GMC,N/A,9367764242,"1645 Interstate 45 N, Conroe, TX 77304, USA",Conroe,TX,1645 Interstate 45 N,N/A,77304,USA,N/A,N/A,37.97 miles away,8 cars for sale,"0 new, 8 used, 0 certified pre-owned",https://driverbase.com/inventory/dealer?dealershipId=51805,https://www.wiesnerbuickgmc.com
D-24770159,Cook Ford,N/A,4099482541,"2600 Palmer Hwy, Texas City, TX 77590, USA",Texas City,TX,2600 Palmer Hwy,N/A,77590,USA,N/A,N/A,39.37 miles away,59 cars for sale,"0 new, 59 used, 0 certified pre-owned",https://driverbase.com/inventory/dealer?dealershipId=41765,https://www.cookfordtexas.com/
D-24770160,Gulf Coast Ford Sales,N/A,7134227200,"3000 State Hwy 288, Angleton, TX 77515, USA",Angleton,TX,3000 State Hwy 288,N/A,77515,USA,N/A,N/A,39.73 miles away,67 cars for sale,"0 new, 67 used, 0 certified pre-owned",https://driverbase.com/inventory/dealer?dealershipId=41483,https://www.gulfcoastford.com
D-24770161,Ryan Ford,N/A,9798857700,"3796 I-10 Frontage Rd, Sealy, TX 77474, USA",Sealy,TX,3796 I-10 Frontage Rd,N/A,77474,USA,N/A,N/A,42.36 miles away,22 cars for sale,"0 new, 22 used, 0 certified pre-owned",https://driverbase.com/inventory/dealer?dealershipId=40727,https://www.ryanford.com/
D-24770162,Traditions Chevrolet,N/A,9793357000,"843 US-90 ALT, East Bernard, TX 77435, USA",East Bernard,TX,843 US-90 ALT,N/A,77435,USA,N/A,N/A,42.53 miles away,12 cars for sale,"0 new, 12 used, 0 certified pre-owned",https://driverbase.com/inventory/dealer?dealershipId=36518,https://www.traditionschevrolet.com
D-24770163,Martin Chrysler Dodge Jeep Ram,N/A,2817612916,"1006 US-59 S, Cleveland, TX 77327, USA",Cleveland,TX,1006 US-59 S,N/A,77327,USA,N/A,N/A,42.89 miles away,194 cars for sale,"93 new, 101 used, 0 certified pre-owned",https://driverbase.com/inventory/dealer?dealershipId=62582,https://www.martinchrysler.net/
D-24770164,Martin Chevrolet Buick GMC,N/A,2813058926,"420 W Southline St, Cleveland, TX 77327, USA",Cleveland,TX,420 W Southline St,N/A,77327,USA,N/A,N/A,43.30 miles away,280 cars for sale,"243 new, 37 used, 0 certified pre-owned",https://driverbase.com/inventory/dealer?dealershipId=33184,http://www.martinchevroletbuickgmc.com
D-24770165,CLASSIC CHEVROLET BUICK GMC,N/A,4097445711,"8020 Broadway St, Galveston, TX 77554, USA",Galveston,TX,8020 Broadway St,N/A,77554,USA,N/A,N/A,47.70 miles away,12 cars for sale,"0 new, 12 used, 0 certified pre-owned",https://driverbase.com/inventory/dealer?dealershipId=51496,https://www.classicautogroupgalveston.com/
D-24770166,Wharton Ford,N/A,9795324360,"316 N Richmond Rd, Wharton, TX 77488, USA",Wharton,TX,316 N Richmond Rd,N/A,77488,USA,N/A,N/A,51.96 miles away,35 cars for sale,"0 new, 35 used, 0 certified pre-owned",https://driverbase.com/inventory/dealer?dealershipId=41030,https://www.whartonford.com/
